SECTOR,TICKER,NAME,HREF,LAST,CHANGE_%,SELL,BUY,TURNOVER_MNOK,TRADES_COUNT,MARKETCAP_MNOK,TIME_HHMMSS,TIME_SECS
Industri,SBLK,Star Bulk Carriers,https://www.oslobors.no/markedsaktivitet#/details/SBLK.OSE,59.6,29.85,0.0,0.0,1.06,90,5404.92,20:49:33,74973
Forbruksvarer,XXL,XXL,https://www.oslobors.no/markedsaktivitet#/details/XXL.OSE,11.63,18.55,0.0,0.0,55.63,3459,2935.84,20:49:33,74973
Energi,AQUA,AqualisBraemar,https://www.oslobors.no/markedsaktivitet#/details/AQUA.OSE,3.5,14.38,0.0,0.0,0.14,23,246.11,20:49:33,74973
IT,PEXIP,Pexip Holding,https://www.oslobors.no/markedsaktivitet#/details/PEXIP.OSE,103.7,12.72,0.0,0.0,279.81,5405,10265.92,20:49:33,74973
Energi,BDRILL,Borr Drilling,https://www.oslobors.no/markedsaktivitet#/details/BDRILL.OSE,5.63,11.49,0.0,0.0,20.64,2359,623.91,20:49:33,74973
Energi,PGS,PGS,https://www.oslobors.no/markedsaktivitet#/details/PGS.OSE,3.34,11.2,0.0,0.0,27.56,2229,1291.72,20:49:33,74973
Finans,KOMP,Komplett Bank,https://www.oslobors.no/markedsaktivitet#/details/KOMP.OSE,5.92,9.63,0.0,0.0,4.98,362,1101.94,20:49:33,74973
IT,CRAYON,Crayon Group Holding,https://www.oslobors.no/markedsaktivitet#/details/CRAYON.OSE,67.8,9.35,0.0,0.0,73.62,756,5185.47,20:49:33,74973
Finans,AXA,Axactor,https://www.oslobors.no/markedsaktivitet#/details/AXA.OSE,5.92,9.02,0.0,0.0,13.23,877,1097.54,20:49:33,74973
Finans,SBANK,Sbanken,https://www.oslobors.no/markedsaktivitet#/details/SBANK.OSE,59.3,8.61,0.0,0.0,38.89,651,6328.83,20:49:33,74973
Energi,PSE,Petrolia,https://www.oslobors.no/markedsaktivitet#/details/PSE.OSE,2.34,8.33,0.0,0.0,0.04,22,138.37,20:49:33,74973
Egenkapitalbevis,SKUE,Skue Sparebank,https://www.oslobors.no/markedsaktivitet#/details/SKUE.OSE,159.0,8.16,0.0,0.0,0.3,14,299.08,20:49:33,74973
Energi,ATLA NOK,Atlantic Petroleum,https://www.oslobors.no/markedsaktivitet#/details/ATLA NOK.OSE,7.02,8.0,0.0,0.0,0.0,6,25.96,20:49:33,74973
Energi,PEN,Panoro Energy,https://www.oslobors.no/markedsaktivitet#/details/PEN.OSE,9.34,7.6,0.0,0.0,5.94,343,641.04,20:49:33,74973
Industri,AMSC,American Shipping Company,https://www.oslobors.no/markedsaktivitet#/details/AMSC.OSE,24.0,7.38,0.0,0.0,1.5,189,1453.84,20:49:33,74973
Forbruksvarer,GIG,Gaming Innovation Group,https://www.oslobors.no/markedsaktivitet#/details/GIG.OSE,5.36,7.2,0.0,0.0,2.61,250,478.59,20:49:33,74973
Helsevern,VISTIN,Vistin Pharma,https://www.oslobors.no/markedsaktivitet#/details/VISTIN.OSE,12.85,7.08,0.0,0.0,9.89,289,569.83,20:49:33,74973
Helsevern,COV,ContextVision,https://www.oslobors.no/markedsaktivitet#/details/COV.OSE,154.0,6.94,0.0,0.0,1.98,117,1191.46,20:49:33,74973
Energi,AKERBP,Aker BP,https://www.oslobors.no/markedsaktivitet#/details/AKERBP.OSE,168.1,6.73,0.0,0.0,275.76,5924,60451.03,20:49:33,74973
Kommunikasjon,OTELLO,Otello Corporation,https://www.oslobors.no/markedsaktivitet#/details/OTELLO.OSE,13.9,6.51,0.0,0.0,4.77,244,1912.05,20:49:33,74973
Finans,AKER,Aker,https://www.oslobors.no/markedsaktivitet#/details/AKER.OSE,286.0,6.24,0.0,0.0,63.46,2424,21240.79,20:49:33,74973
Energi,DNO,DNO,https://www.oslobors.no/markedsaktivitet#/details/DNO.OSE,4.73,6.01,0.0,0.0,65.43,3212,4611.85,20:49:33,74973
Finans,NOFI,Norwegian Finans Holding,https://www.oslobors.no/markedsaktivitet#/details/NOFI.OSE,57.75,5.96,0.0,0.0,31.54,1086,10781.62,20:49:33,74973
Industri,WILS,Wilson,https://www.oslobors.no/markedsaktivitet#/details/WILS.OSE,21.6,5.88,0.0,0.0,0.01,7,947.38,20:49:33,74973
Finans,DNB,DNB,https://www.oslobors.no/markedsaktivitet#/details/DNB.OSE,120.7,5.88,0.0,0.0,436.48,6074,188357.59,20:49:33,74973
Forbruksvarer,SATS,SATS,https://www.oslobors.no/markedsaktivitet#/details/SATS.OSE,17.36,5.85,0.0,0.0,4.84,359,2951.2,20:49:33,74973
IT,ASETEK,Asetek,https://www.oslobors.no/markedsaktivitet#/details/ASETEK.OSE,49.45,5.21,0.0,0.0,3.63,152,1224.24,20:49:33,74973
Finans,PROTCT,Protector Forsikring,https://www.oslobors.no/markedsaktivitet#/details/PROTCT.OSE,35.95,5.12,0.0,0.0,2.91,214,2943.81,20:49:33,74973
Finans,STB,Storebrand,https://www.oslobors.no/markedsaktivitet#/details/STB.OSE,45.47,5.08,0.0,0.0,123.46,5119,21228.61,20:49:33,74973
Industri,GOGL,Golden Ocean Group,https://www.oslobors.no/markedsaktivitet#/details/GOGL.OSE,32.98,5.03,0.0,0.0,35.38,1853,4725.3,20:49:33,74973
Forbruksvarer,KID,Kid,https://www.oslobors.no/markedsaktivitet#/details/KID.OSE,54.8,4.58,0.0,0.0,0.9,56,2227.35,20:49:33,74973
Eiendom,SBO,Selvaag Bolig,https://www.oslobors.no/markedsaktivitet#/details/SBO.OSE,41.95,4.22,0.0,0.0,2.93,273,3919.02,20:49:33,74973
Eiendom,NPRO,Norwegian Property,https://www.oslobors.no/markedsaktivitet#/details/NPRO.OSE,11.15,4.21,0.0,0.0,0.1,19,5503.93,20:49:33,74973
Forsyning,FKRAFT,Fjordkraft Holding,https://www.oslobors.no/markedsaktivitet#/details/FKRAFT.OSE,85.8,4.13,0.0,0.0,28.86,530,8972.3,20:49:33,74973
IT,IDEX,IDEX Biometrics,https://www.oslobors.no/markedsaktivitet#/details/IDEX.OSE,1.69,4.06,0.0,0.0,19.28,1493,1213.4,20:49:33,74973
Industri,WALWIL,Wallenius Wilhelmsen,https://www.oslobors.no/markedsaktivitet#/details/WALWIL.OSE,11.4,4.01,0.0,0.0,5.33,364,4814.28,20:49:33,74973
Egenkapitalbevis,NONG,SpareBank 1 Nord-Norge,https://www.oslobors.no/markedsaktivitet#/details/NONG.OSE,59.9,3.99,0.0,0.0,10.19,418,6013.84,20:49:33,74973
Energi,EQNR,Equinor,https://www.oslobors.no/markedsaktivitet#/details/EQNR.OSE,144.65,3.92,0.0,0.0,723.53,10291,477730.4,20:49:33,74973
Helsevern,MEDI,Medistim,https://www.oslobors.no/markedsaktivitet#/details/MEDI.OSE,202.0,3.86,0.0,0.0,10.43,151,3676.57,20:49:33,74973
Materialer,YAR,Yara International,https://www.oslobors.no/markedsaktivitet#/details/YAR.OSE,325.0,3.83,0.0,0.0,241.2,5087,87645.55,20:49:33,74973
Helsevern,NAVA,Navamedic,https://www.oslobors.no/markedsaktivitet#/details/NAVA.OSE,24.4,3.83,0.0,0.0,0.32,33,360.45,20:49:33,74973
Helsevern,PCIB,PCI Biotech Holding,https://www.oslobors.no/markedsaktivitet#/details/PCIB.OSE,60.3,3.79,0.0,0.0,15.52,658,2247.13,20:49:33,74973
Konsumvarer,NRS,Norway Royal Salmon,https://www.oslobors.no/markedsaktivitet#/details/NRS.OSE,221.0,3.76,0.0,0.0,8.42,416,9598.33,20:49:33,74973
Energi,BWO,BW Offshore Limited,https://www.oslobors.no/markedsaktivitet#/details/BWO.OSE,31.0,3.75,0.0,0.0,42.12,1938,5616.97,20:49:33,74973
Energi,TGS,TGS-NOPEC Geophysical Company,https://www.oslobors.no/markedsaktivitet#/details/TGS.OSE,144.25,3.74,0.0,0.0,68.02,3221,16863.41,20:49:33,74973
Egenkapitalbevis,MING,SpareBank 1 SMN,https://www.oslobors.no/markedsaktivitet#/details/MING.OSE,72.7,3.71,0.0,0.0,14.74,524,9439.06,20:49:33,74973
Materialer,NHY,Norsk Hydro,https://www.oslobors.no/markedsaktivitet#/details/NHY.OSE,23.63,3.64,0.0,0.0,224.95,5681,48420.82,20:49:33,74973
Energi,SUBC,Subsea 7,https://www.oslobors.no/markedsaktivitet#/details/SUBC.OSE,53.9,3.57,0.0,0.0,75.57,3914,16019.65,20:49:33,74973
IT,NAPA,Napatech,https://www.oslobors.no/markedsaktivitet#/details/NAPA.OSE,3.88,3.47,0.0,0.0,0.2,23,322.26,20:49:33,74973
Industri,JIN,Jinhui Shipping and Transportation,https://www.oslobors.no/markedsaktivitet#/details/JIN.OSE,3.55,3.2,0.0,0.0,0.29,42,387.87,20:49:33,74973
Energi,PRS,Prosafe,https://www.oslobors.no/markedsaktivitet#/details/PRS.OSE,1.39,3.11,0.0,0.0,0.04,23,113.95,20:49:33,74973
Industri,WWIB,Wilh. Wilhelmsen Holding ser. B,https://www.oslobors.no/markedsaktivitet#/details/WWIB.OSE,100.0,3.09,0.0,0.0,0.26,17,1058.0,20:49:33,74973
Materialer,ELK,Elkem,https://www.oslobors.no/markedsaktivitet#/details/ELK.OSE,17.08,3.08,0.0,0.0,23.0,465,9928.78,20:49:33,74973
Energi,IOX,Interoil Exploration and Production,https://www.oslobors.no/markedsaktivitet#/details/IOX.OSE,1.29,3.04,0.0,0.0,0.3,50,202.36,20:49:33,74973
Energi,RAKP,RAK Petroleum,https://www.oslobors.no/markedsaktivitet#/details/RAKP.OSE,5.1,3.03,0.0,0.0,0.27,11,991.69,20:49:33,74973
Energi,QEC,Questerre Energy Corporation,https://www.oslobors.no/markedsaktivitet#/details/QEC.OSE,0.79,2.86,0.0,0.0,0.41,63,338.05,20:49:33,74973
Energi,SIOFF,Siem Offshore,https://www.oslobors.no/markedsaktivitet#/details/SIOFF.OSE,0.72,2.86,0.0,0.0,0.11,17,673.01,20:49:33,74973
Eiendom,ENTRA,Entra,https://www.oslobors.no/markedsaktivitet#/details/ENTRA.OSE,121.5,2.79,0.0,0.0,49.76,1108,22116.02,20:49:33,74973
Energi,BWE,BW Energy Limited,https://www.oslobors.no/markedsaktivitet#/details/BWE.OSE,13.26,2.79,0.0,0.0,4.67,383,3106.88,20:49:33,74973
Industri,TOM,Tomra Systems,https://www.oslobors.no/markedsaktivitet#/details/TOM.OSE,350.5,2.76,0.0,0.0,89.7,2386,51705.79,20:49:33,74973
Egenkapitalbevis,SVEG,Sparebanken Vest,https://www.oslobors.no/markedsaktivitet#/details/SVEG.OSE,60.0,2.74,0.0,0.0,1.83,171,6437.7,20:49:33,74973
Industri,SNI,Stolt-Nielsen,https://www.oslobors.no/markedsaktivitet#/details/SNI.OSE,79.7,2.71,0.0,0.0,0.26,46,4265.85,20:49:33,74973
Energi,EMGS,Electromagnetic Geoservices,https://www.oslobors.no/markedsaktivitet#/details/EMGS.OSE,0.62,2.67,0.0,0.0,0.03,20,80.68,20:49:33,74973
Energi,OTS,Oceanteam,https://www.oslobors.no/markedsaktivitet#/details/OTS.OSE,3.09,2.66,0.0,0.0,0.01,5,105.71,20:49:33,74973
Finans,B2H,B2Holding,https://www.oslobors.no/markedsaktivitet#/details/B2H.OSE,3.71,2.63,0.0,0.0,4.11,506,1518.8,20:49:33,74973
Forsyning,SSO,Scatec Solar,https://www.oslobors.no/markedsaktivitet#/details/SSO.OSE,176.6,2.56,0.0,0.0,55.12,1076,22195.65,20:49:33,74973
Kommunikasjon,SCHB,Schibsted ser. B,https://www.oslobors.no/markedsaktivitet#/details/SCHB.OSE,211.4,2.52,0.0,0.0,18.45,602,27334.25,20:49:33,74973
Egenkapitalbevis,SBTE,Sparebanken Telemark,https://www.oslobors.no/markedsaktivitet#/details/SBTE.OSE,122.0,2.52,0.0,0.0,0.2,7,1329.63,20:49:33,74973
Finans,SRBANK,SpareBank 1 SR-Bank,https://www.oslobors.no/markedsaktivitet#/details/SRBANK.OSE,64.0,2.48,0.0,0.0,19.47,811,16367.06,20:49:33,74973
Finans,PARB,Pareto Bank,https://www.oslobors.no/markedsaktivitet#/details/PARB.OSE,29.0,2.47,0.0,0.0,1.62,107,2025.7,20:49:33,74973
IT,KIT,Kitron,https://www.oslobors.no/markedsaktivitet#/details/KIT.OSE,11.12,2.39,0.0,0.0,1.75,143,1991.64,20:49:33,74973
Industri,AFK,Arendals Fossekompani,https://www.oslobors.no/markedsaktivitet#/details/AFK.OSE,2580.0,2.38,0.0,0.0,1.02,10,5648.7,20:49:33,74973
Energi,MSEIS,Magseis Fairfield,https://www.oslobors.no/markedsaktivitet#/details/MSEIS.OSE,1.31,2.34,0.0,0.0,2.77,272,349.47,20:49:33,74973
Egenkapitalbevis,SPOL,SpareBank 1 Østlandet,https://www.oslobors.no/markedsaktivitet#/details/SPOL.OSE,84.5,2.3,0.0,0.0,4.25,121,9787.62,20:49:33,74973
Helsevern,CARA,Carasent,https://www.oslobors.no/markedsaktivitet#/details/CARA.OSE,15.6,2.3,0.0,0.0,1.67,133,633.89,20:49:33,74973
IT,BOUVET,Bouvet,https://www.oslobors.no/markedsaktivitet#/details/BOUVET.OSE,492.0,2.29,0.0,0.0,14.93,179,5042.77,20:49:33,74973
Industri,KOG,Kongsberg Gruppen,https://www.oslobors.no/markedsaktivitet#/details/KOG.OSE,135.8,2.26,0.0,0.0,22.85,591,24303.5,20:49:33,74973
Egenkapitalbevis,HELG,Helgeland Sparebank,https://www.oslobors.no/markedsaktivitet#/details/HELG.OSE,68.5,2.24,0.0,0.0,0.09,15,1426.37,20:49:33,74973
Kommunikasjon,SCHA,Schibsted ser. A,https://www.oslobors.no/markedsaktivitet#/details/SCHA.OSE,223.4,2.15,0.0,0.0,33.87,1702,23336.35,20:49:33,74973
Helsevern,TRVX,Targovax,https://www.oslobors.no/markedsaktivitet#/details/TRVX.OSE,7.72,2.12,0.0,0.0,2.41,208,587.4,20:49:33,74973
Konsumvarer,ARCUS,Arcus,https://www.oslobors.no/markedsaktivitet#/details/ARCUS.OSE,38.8,2.11,0.0,0.0,0.4,36,2630.66,20:49:33,74973
Helsevern,NANO,Nordic Nanovector,https://www.oslobors.no/markedsaktivitet#/details/NANO.OSE,23.5,2.09,0.0,0.0,9.42,610,1554.81,20:49:33,74973
Energi,SBX,SeaBird Exploration,https://www.oslobors.no/markedsaktivitet#/details/SBX.OSE,0.25,2.04,0.0,0.0,1.35,280,134.73,20:49:33,74973
Energi,BWLPG,BW LPG,https://www.oslobors.no/markedsaktivitet#/details/BWLPG.OSE,31.74,1.99,0.0,0.0,18.9,1475,4399.74,20:49:33,74973
IT,THIN,Thin Film Electronics,https://www.oslobors.no/markedsaktivitet#/details/THIN.OSE,0.88,1.98,0.0,0.0,0.39,131,51.39,20:49:33,74973
Materialer,BRG,Borregaard,https://www.oslobors.no/markedsaktivitet#/details/BRG.OSE,93.0,1.97,0.0,0.0,10.59,182,9262.05,20:49:33,74973
Industri,NRC,NRC Group,https://www.oslobors.no/markedsaktivitet#/details/NRC.OSE,26.25,1.94,0.0,0.0,0.59,62,1910.76,20:49:33,74973
Eiendom,OLT,Olav Thon Eiendomsselskap,https://www.oslobors.no/markedsaktivitet#/details/OLT.OSE,132.0,1.93,0.0,0.0,1.11,91,13678.26,20:49:33,74973
Industri,VOW,Vow,https://www.oslobors.no/markedsaktivitet#/details/VOW.OSE,20.3,1.91,0.0,0.0,4.25,233,2163.24,20:49:33,74973
Industri,MULTI,Multiconsult,https://www.oslobors.no/markedsaktivitet#/details/MULTI.OSE,55.0,1.85,0.0,0.0,0.47,8,1477.87,20:49:33,74973
Egenkapitalbevis,SOAG,SpareBank 1 Østfold Akershus,https://www.oslobors.no/markedsaktivitet#/details/SOAG.OSE,220.0,1.85,0.0,0.0,0.08,8,2725.34,20:49:33,74973
Konsumvarer,BAKKA,Bakkafrost,https://www.oslobors.no/markedsaktivitet#/details/BAKKA.OSE,579.5,1.85,0.0,0.0,120.78,2905,34245.3,20:49:33,74973
Finans,GJF,Gjensidige Forsikring,https://www.oslobors.no/markedsaktivitet#/details/GJF.OSE,177.0,1.84,0.0,0.0,91.33,1857,88498.09,20:49:33,74973
IT,NORBIT,NORBIT,https://www.oslobors.no/markedsaktivitet#/details/NORBIT.OSE,14.15,1.8,0.0,0.0,0.5,56,803.53,20:49:33,74973
Energi,OKEA,OKEA,https://www.oslobors.no/markedsaktivitet#/details/OKEA.OSE,8.0,1.78,0.0,0.0,0.37,39,820.02,20:49:33,74973
Industri,NKR,Nekkar,https://www.oslobors.no/markedsaktivitet#/details/NKR.OSE,2.93,1.74,0.0,0.0,0.17,29,309.45,20:49:33,74973
Energi,DOF,DOF,https://www.oslobors.no/markedsaktivitet#/details/DOF.OSE,0.6,1.69,0.0,0.0,0.44,67,184.66,20:49:33,74973
Helsevern,PHO,Photocure,https://www.oslobors.no/markedsaktivitet#/details/PHO.OSE,72.5,1.68,0.0,0.0,33.22,1098,1737.06,20:49:33,74973
Materialer,NSKOG,Norske Skog,https://www.oslobors.no/markedsaktivitet#/details/NSKOG.OSE,27.6,1.66,0.0,0.0,1.54,206,2277.0,20:49:33,74973
Egenkapitalbevis,SOR,Sparebanken Sør,https://www.oslobors.no/markedsaktivitet#/details/SOR.OSE,89.4,1.59,0.0,0.0,0.16,17,1396.4,20:49:33,74973
Energi,HAFNIA,Hafnia Limited,https://www.oslobors.no/markedsaktivitet#/details/HAFNIA.OSE,18.08,1.57,0.0,0.0,6.27,363,6562.96,20:49:33,74973
Energi,AVANCE,Avance Gas Holding,https://www.oslobors.no/markedsaktivitet#/details/AVANCE.OSE,19.45,1.57,0.0,0.0,10.6,709,1238.12,20:49:33,74973
Energi,AKSO,Aker Solutions,https://www.oslobors.no/markedsaktivitet#/details/AKSO.OSE,5.84,1.57,0.0,0.0,14.67,1452,1588.15,20:49:33,74973
Konsumvarer,GSF,Grieg Seafood,https://www.oslobors.no/markedsaktivitet#/details/GSF.OSE,95.3,1.55,0.0,0.0,30.05,1101,10524.32,20:49:33,74973
Energi,KVAER,Kværner,https://www.oslobors.no/markedsaktivitet#/details/KVAER.OSE,5.68,1.43,0.0,0.0,3.22,421,1521.71,20:49:33,74973
IT,ITE,Itera,https://www.oslobors.no/markedsaktivitet#/details/ITE.OSE,10.8,1.41,0.0,0.0,0.33,39,878.6,20:49:33,74973
IT,HIDDN,Hiddn Solutions,https://www.oslobors.no/markedsaktivitet#/details/HIDDN.OSE,1.52,1.33,0.0,0.0,0.11,21,136.66,20:49:33,74973
Energi,SDRL,Seadrill,https://www.oslobors.no/markedsaktivitet#/details/SDRL.OSE,4.92,1.32,0.0,0.0,1.61,116,492.32,20:49:33,74973
Energi,FLNG,FLEX LNG,https://www.oslobors.no/markedsaktivitet#/details/FLNG.OSE,47.08,1.29,0.0,0.0,2.81,239,2547.53,20:49:33,74973
Energi,SHLF,Shelf Drilling,https://www.oslobors.no/markedsaktivitet#/details/SHLF.OSE,3.24,1.25,0.0,0.0,1.08,104,441.23,20:49:33,74973
Materialer,SCANA,Scana,https://www.oslobors.no/markedsaktivitet#/details/SCANA.OSE,0.88,1.15,0.0,0.0,0.05,19,94.61,20:49:33,74973
Industri,AKVA,AKVA Group,https://www.oslobors.no/markedsaktivitet#/details/AKVA.OSE,53.6,1.13,0.0,0.0,0.18,16,1774.5,20:49:33,74973
Energi,NODL,Northern Drilling,https://www.oslobors.no/markedsaktivitet#/details/NODL.OSE,4.5,1.12,0.0,0.0,0.04,25,72.6,20:49:33,74973
Industri,MPCC,MPC Container Ships,https://www.oslobors.no/markedsaktivitet#/details/MPCC.OSE,9.18,1.1,0.0,0.0,0.13,25,836.77,20:49:33,74973
Konsumvarer,LSG,Lerøy Seafood Group,https://www.oslobors.no/markedsaktivitet#/details/LSG.OSE,54.66,1.07,0.0,0.0,72.6,3360,32548.71,20:49:33,74973
IT,ATEA,Atea,https://www.oslobors.no/markedsaktivitet#/details/ATEA.OSE,90.2,0.89,0.0,0.0,5.76,321,9919.58,20:49:33,74973
Egenkapitalbevis,SBVG,SpareBank 1 BV,https://www.oslobors.no/markedsaktivitet#/details/SBVG.OSE,34.3,0.88,0.0,0.0,0.13,14,2161.16,20:49:33,74973
Energi,NOL,Northern Ocean Ltd.,https://www.oslobors.no/markedsaktivitet#/details/NOL.OSE,6.2,0.86,0.0,0.0,0.46,127,395.51,20:49:33,74973
Energi,REACH,Reach Subsea,https://www.oslobors.no/markedsaktivitet#/details/REACH.OSE,1.19,0.85,0.0,0.0,0.02,14,170.82,20:49:33,74973
Industri,BON,Bonheur,https://www.oslobors.no/markedsaktivitet#/details/BON.OSE,200.0,0.81,0.0,0.0,11.17,461,8506.38,20:49:33,74973
Industri,HEX,Hexagon Composites,https://www.oslobors.no/markedsaktivitet#/details/HEX.OSE,27.1,0.74,0.0,0.0,14.66,810,4909.78,20:49:33,74973
Egenkapitalbevis,MORG,Sparebanken Møre,https://www.oslobors.no/markedsaktivitet#/details/MORG.OSE,281.0,0.72,0.0,0.0,0.24,18,2772.02,20:49:33,74973
Finans,VVL,Voss Veksel- og Landmandsbank,https://www.oslobors.no/markedsaktivitet#/details/VVL.OSE,143.0,0.7,0.0,0.0,0.01,3,315.15,20:49:33,74973
Egenkapitalbevis,SADG,Sandnes Sparebank,https://www.oslobors.no/markedsaktivitet#/details/SADG.OSE,58.0,0.69,0.0,0.0,0.21,6,1213.59,20:49:33,74973
Egenkapitalbevis,SPOG,Sparebanken Øst,https://www.oslobors.no/markedsaktivitet#/details/SPOG.OSE,43.6,0.69,0.0,0.0,0.27,10,903.88,20:49:33,74973
Egenkapitalbevis,JAEREN,Jæren Sparebank,https://www.oslobors.no/markedsaktivitet#/details/JAEREN.OSE,151.0,0.67,0.0,0.0,0.0,2,744.8,20:49:33,74973
Energi,MGN,Magnora,https://www.oslobors.no/markedsaktivitet#/details/MGN.OSE,7.9,0.51,0.0,0.0,0.77,49,414.83,20:49:33,74973
Kommunikasjon,FUNCOM,Funcom,https://www.oslobors.no/markedsaktivitet#/details/FUNCOM.OSE,16.38,0.49,0.0,0.0,0.05,21,1332.45,20:49:33,74973
IT,STRONG,StrongPoint,https://www.oslobors.no/markedsaktivitet#/details/STRONG.OSE,10.55,0.48,0.0,0.0,0.52,42,467.02,20:49:33,74973
IT,TIETOO,TietoEVRY,https://www.oslobors.no/markedsaktivitet#/details/TIETOO.OSE,242.6,0.41,0.0,0.0,0.25,19,28726.01,20:49:33,74973
Forbruksvarer,EPR,Europris,https://www.oslobors.no/markedsaktivitet#/details/EPR.OSE,39.32,0.41,0.0,0.0,31.37,1236,6519.99,20:49:33,74973
Industri,SSG,Self Storage Group,https://www.oslobors.no/markedsaktivitet#/details/SSG.OSE,24.9,0.4,0.0,0.0,0.63,45,2099.78,20:49:33,74973
Energi,NOR,Norwegian Energy Company,https://www.oslobors.no/markedsaktivitet#/details/NOR.OSE,148.0,0.34,0.0,0.0,0.73,57,3582.06,20:49:33,74973
Finans,ASC,ABG Sundal Collier Holding,https://www.oslobors.no/markedsaktivitet#/details/ASC.OSE,3.66,0.27,0.0,0.0,5.1,230,1605.14,20:49:33,74973
Konsumvarer,ORK,Orkla,https://www.oslobors.no/markedsaktivitet#/details/ORK.OSE,85.42,0.26,0.0,0.0,123.96,3265,85446.12,20:49:33,74973
Kommunikasjon,TEL,Telenor,https://www.oslobors.no/markedsaktivitet#/details/TEL.OSE,146.85,0.24,0.0,0.0,226.79,4123,208918.07,20:49:33,74973
Industri,SAS NOK,SAS AB,https://www.oslobors.no/markedsaktivitet#/details/SAS NOK.OSE,9.09,0.22,0.0,0.0,0.96,140,3477.68,20:49:33,74973
Industri,AFG,AF Gruppen,https://www.oslobors.no/markedsaktivitet#/details/AFG.OSE,161.6,0.12,0.0,0.0,9.71,214,16981.52,20:49:33,74973
Industri,VEI,Veidekke,https://www.oslobors.no/markedsaktivitet#/details/VEI.OSE,88.8,0.11,0.0,0.0,31.27,314,11984.12,20:49:33,74973
Konsumvarer,AUSS,Austevoll Seafood,https://www.oslobors.no/markedsaktivitet#/details/AUSS.OSE,77.1,0.06,0.0,0.0,22.87,1241,15560.64,20:49:33,74973
Industri,RISH,GC Rieber Shipping,https://www.oslobors.no/markedsaktivitet#/details/RISH.OSE,5.3,0.0,0.0,0.0,0.05,14,455.97,20:49:33,74973
Egenkapitalbevis,MELG,Melhus Sparebank,https://www.oslobors.no/markedsaktivitet#/details/MELG.OSE,124.0,0.0,0.0,0.0,0.06,8,344.15,20:49:33,74973
Industri,NTS,NTS,https://www.oslobors.no/markedsaktivitet#/details/NTS.OSE,68.0,0.0,0.0,0.0,0.01,3,8110.51,20:49:33,74973
Industri,ODFB,Odfjell ser. B,https://www.oslobors.no/markedsaktivitet#/details/ODFB.OSE,19.8,0.0,0.0,0.0,0.05,12,371.37,20:49:33,74973
Kommunikasjon,POL,Polaris Media,https://www.oslobors.no/markedsaktivitet#/details/POL.OSE,34.0,0.0,0.0,0.0,0.03,2,1657.95,20:49:33,74973
Egenkapitalbevis,RING,SpareBank 1 Ringerike Hadeland,https://www.oslobors.no/markedsaktivitet#/details/RING.OSE,210.0,0.0,0.0,0.0,1.07,5,3286.59,20:49:33,74973
Industri,TEAM,Team Tankers International,https://www.oslobors.no/markedsaktivitet#/details/TEAM.OSE,4.0,0.0,0.0,0.0,0.03,5,810.61,20:49:33,74973
IT,TECH,Techstep,https://www.oslobors.no/markedsaktivitet#/details/TECH.OSE,2.42,0.0,0.0,0.0,0.0,4,393.96,20:49:33,74973
Egenkapitalbevis,TOTG,Totens Sparebank,https://www.oslobors.no/markedsaktivitet#/details/TOTG.OSE,124.0,0.0,0.0,0.0,0.08,6,759.44,20:49:33,74973
IT,WSTEP,Webstep,https://www.oslobors.no/markedsaktivitet#/details/WSTEP.OSE,18.0,0.0,0.0,0.0,0.0,4,480.12,20:49:33,74973
Industri,WWI,Wilh. Wilhelmsen Holding ser. A,https://www.oslobors.no/markedsaktivitet#/details/WWI.OSE,99.6,0.0,0.0,0.0,0.49,59,3386.4,20:49:33,74973
Kommunikasjon,ADE,Adevinta,https://www.oslobors.no/markedsaktivitet#/details/ADE.OSE,95.05,-0.05,0.0,0.0,44.46,1214,65093.9,20:49:33,74973
Industri,NEL,NEL,https://www.oslobors.no/markedsaktivitet#/details/NEL.OSE,11.61,-0.09,0.0,0.0,152.12,4501,15375.81,20:49:33,74973
Industri,FJORD,Fjord1,https://www.oslobors.no/markedsaktivitet#/details/FJORD.OSE,46.1,-0.22,0.0,0.0,4.89,105,4605.07,20:49:33,74973
Konsumvarer,MOWI,Mowi,https://www.oslobors.no/markedsaktivitet#/details/MOWI.OSE,181.8,-0.36,0.0,0.0,287.91,5531,94010.8,20:49:33,74973
Industri,HYARD,Havyard Group,https://www.oslobors.no/markedsaktivitet#/details/HYARD.OSE,2.31,-0.43,0.0,0.0,0.06,18,57.12,20:49:33,74973
Energi,AKA,Akastor,https://www.oslobors.no/markedsaktivitet#/details/AKA.OSE,3.88,-0.51,0.0,0.0,19.77,95,1053.85,20:49:33,74973
Energi,FRO,Frontline,https://www.oslobors.no/markedsaktivitet#/details/FRO.OSE,76.7,-0.65,0.0,0.0,208.27,5078,15163.0,20:49:33,74973
Industri,GOD,Goodtech,https://www.oslobors.no/markedsaktivitet#/details/GOD.OSE,6.9,-0.72,0.0,0.0,0.02,7,156.04,20:49:33,74973
IT,REC,REC Silicon,https://www.oslobors.no/markedsaktivitet#/details/REC.OSE,2.89,-0.82,0.0,0.0,3.47,323,807.56,20:49:33,74973
Industri,ODF,Odfjell ser. A,https://www.oslobors.no/markedsaktivitet#/details/ODF.OSE,20.2,-0.98,0.0,0.0,0.02,8,1212.41,20:49:33,74973
Energi,ODL,Odfjell Drilling,https://www.oslobors.no/markedsaktivitet#/details/ODL.OSE,8.8,-1.01,0.0,0.0,9.46,794,2083.69,20:49:33,74973
Konsumvarer,SALMON,Salmones Camanchaca,https://www.oslobors.no/markedsaktivitet#/details/SALMON.OSE,55.2,-1.08,0.0,0.0,0.01,6,3643.2,20:49:33,74973
Energi,OCY,Ocean Yield,https://www.oslobors.no/markedsaktivitet#/details/OCY.OSE,21.75,-1.14,0.0,0.0,6.76,658,3809.41,20:49:33,74973
Energi,EIOF,Eidesvik Offshore,https://www.oslobors.no/markedsaktivitet#/details/EIOF.OSE,3.46,-1.14,0.0,0.0,0.08,21,215.04,20:49:33,74973
Materialer,BOR,Borgestad,https://www.oslobors.no/markedsaktivitet#/details/BOR.OSE,11.5,-1.29,0.0,0.0,0.01,6,146.24,20:49:33,74973
Energi,SDSD,S.D. Standard Drilling,https://www.oslobors.no/markedsaktivitet#/details/SDSD.OSE,0.72,-1.37,0.0,0.0,0.4,89,414.74,20:49:33,74973
Industri,TRE,Treasure,https://www.oslobors.no/markedsaktivitet#/details/TRE.OSE,10.75,-1.38,0.0,0.0,0.24,15,2309.48,20:49:33,74973
Helsevern,ULTIMO,Ultimovacs,https://www.oslobors.no/markedsaktivitet#/details/ULTIMO.OSE,39.6,-1.49,0.0,0.0,0.54,79,1103.27,20:49:33,74973
IT,NOD,Nordic Semiconductor,https://www.oslobors.no/markedsaktivitet#/details/NOD.OSE,61.05,-1.53,0.0,0.0,58.41,1822,10778.72,20:49:33,74973
IT,QFR,Q-Free,https://www.oslobors.no/markedsaktivitet#/details/QFR.OSE,3.8,-1.55,0.0,0.0,0.1,22,339.05,20:49:33,74973
Energi,ARCHER,Archer,https://www.oslobors.no/markedsaktivitet#/details/ARCHER.OSE,1.7,-1.62,0.0,0.0,0.34,68,251.49,20:49:33,74973
Industri,BEL,Belships,https://www.oslobors.no/markedsaktivitet#/details/BEL.OSE,6.05,-1.63,0.0,0.0,0.02,4,1280.64,20:49:33,74973
Egenkapitalbevis,AURG,Aurskog Sparebank,https://www.oslobors.no/markedsaktivitet#/details/AURG.OSE,180.0,-1.64,0.0,0.0,0.0,1,578.55,20:49:33,74973
Energi,PLCS,Polarcus,https://www.oslobors.no/markedsaktivitet#/details/PLCS.OSE,0.32,-1.71,0.0,0.0,0.64,140,162.87,20:49:33,74973
Energi,HAVI,Havila Shipping,https://www.oslobors.no/markedsaktivitet#/details/HAVI.OSE,2.54,-1.93,0.0,0.0,0.04,19,60.39,20:49:33,74973
Energi,SOFF,Solstad Offshore,https://www.oslobors.no/markedsaktivitet#/details/SOFF.OSE,0.39,-2.16,0.0,0.0,0.3,148,112.19,20:49:33,74973
Konsumvarer,SALM,SalMar,https://www.oslobors.no/markedsaktivitet#/details/SALM.OSE,409.9,-2.17,0.0,0.0,135.38,4716,46287.08,20:49:33,74973
Materialer,ELE,Element,https://www.oslobors.no/markedsaktivitet#/details/ELE.OSE,3.5,-2.64,0.0,0.0,0.42,55,65.02,20:49:33,74973
Konsumvarer,ASA,Atlantic Sapphire,https://www.oslobors.no/markedsaktivitet#/details/ASA.OSE,108.5,-2.69,0.0,0.0,97.78,164,7733.46,20:49:33,74973
IT,NEXT,NEXT Biometrics Group,https://www.oslobors.no/markedsaktivitet#/details/NEXT.OSE,3.0,-3.07,0.0,0.0,1.2,173,128.79,20:49:33,74973
Energi,HLNG,Höegh LNG Holdings,https://www.oslobors.no/markedsaktivitet#/details/HLNG.OSE,8.71,-3.22,0.0,0.0,2.26,352,663.53,20:49:33,74973
Eiendom,STORM,Storm Real Estate,https://www.oslobors.no/markedsaktivitet#/details/STORM.OSE,1.6,-3.61,0.0,0.0,0.0,3,14.14,20:49:33,74973
IT,PLT,poLight,https://www.oslobors.no/markedsaktivitet#/details/PLT.OSE,56.6,-3.74,0.0,0.0,2.16,174,500.56,20:49:33,74973
Finans,INFRNT,Infront,https://www.oslobors.no/markedsaktivitet#/details/INFRNT.OSE,20.0,-3.85,0.0,0.0,2.08,94,868.51,20:49:33,74973
Helsevern,BIOTEC,Biotec Pharmacon,https://www.oslobors.no/markedsaktivitet#/details/BIOTEC.OSE,23.3,-4.12,0.0,0.0,11.7,546,1126.2,20:49:33,74973
Eiendom,SOLON,Solon Eiendom,https://www.oslobors.no/markedsaktivitet#/details/SOLON.OSE,28.0,-4.76,0.0,0.0,1.82,103,2054.16,20:49:33,74973
Finans,INSR,Insr Insurance Group,https://www.oslobors.no/markedsaktivitet#/details/INSR.OSE,3.82,-6.14,0.0,0.0,1.07,108,566.0,20:49:33,74973
Helsevern,BGBIO,BerGenBio,https://www.oslobors.no/markedsaktivitet#/details/BGBIO.OSE,42.8,-7.16,0.0,0.0,182.17,7138,3711.86,20:49:33,74973
Forbruksvarer,KOA,Kongsberg Automotive,https://www.oslobors.no/markedsaktivitet#/details/KOA.OSE,1.37,-7.18,0.0,0.0,49.54,3924,613.61,20:49:33,74973
Energi,AWDR,Awilco Drilling,https://www.oslobors.no/markedsaktivitet#/details/AWDR.OSE,4.23,-7.64,0.0,0.0,0.75,107,230.88,20:49:33,74973
Energi,ENDUR,Endúr,https://www.oslobors.no/markedsaktivitet#/details/ENDUR.OSE,0.81,-8.99,0.0,0.0,0.6,120,172.24,20:49:33,74973
Industri,ZAL,Zalaris,https://www.oslobors.no/markedsaktivitet#/details/ZAL.OSE,32.3,-10.28,0.0,0.0,2.7,131,633.75,20:49:33,74973
Industri,NAS,Norwegian Air Shuttle,https://www.oslobors.no/markedsaktivitet#/details/NAS.OSE,3.96,-22.29,0.0,0.0,217.46,22226,648.18,20:49:33,74973
Industri,BMA,Byggma,https://www.oslobors.no/markedsaktivitet#/details/BMA.OSE,86.0,-99,0.0,0.0,0.03,3,600.57,20:49:33,74973
IT,DAT,Data Respons,https://www.oslobors.no/markedsaktivitet#/details/DAT.OSE,48.0,-99,0.0,0.0,0.0,0,3624.5,20:49:33,74973
Energi,EMAS,EMAS Offshore,https://www.oslobors.no/markedsaktivitet#/details/EMAS.OSE,0.29,-99,0.0,0.0,0.0,0,127.15,20:49:33,74973
Forbruksvarer,GYL,Gyldendal,https://www.oslobors.no/markedsaktivitet#/details/GYL.OSE,580.0,-99,0.0,0.0,0.0,0,1338.14,20:49:33,74973
Egenkapitalbevis,HSPG,Høland og Setskog Sparebank,https://www.oslobors.no/markedsaktivitet#/details/HSPG.OSE,120.0,-99,0.0,0.0,0.0,0,82.55,20:49:33,74973
Egenkapitalbevis,SOGN,Sogn Sparebank,https://www.oslobors.no/markedsaktivitet#/details/SOGN.OSE,96.5,-99,0.0,0.0,0.0,0,61.04,20:49:33,74973
Egenkapitalbevis,SNOR,SpareBank 1 Nordvest,https://www.oslobors.no/markedsaktivitet#/details/SNOR.OSE,110.0,-99,0.0,0.0,0.0,0,245.36,20:49:33,74973
